source_platform,title,text_snippet,url,engagement,views,likes,comments,content_category,author_type
youtube,Jackie Chan Reacted to his Old Stunts 🔥,jackiechan #stunt #hollywood #fyp #shorts Jackie Chan reacted to his old stunts from a time when there was no CGI or AI ...,https://www.youtube.com/watch?v=-twKfym4o3E,1929399,35270190.0,1919929,9470,other,unknown
youtube,Coca-Cola vs Pepsi,"Coca-Cola cooked Pepsi, fr ""We wish you a scary Halloween!"" Pepsi ad + ""Everybody wants to be a hero!"" Coca-Cola response ...",https://www.youtube.com/watch?v=lOH6wCq87gU,921513,35042483.0,917041,4472,other,unknown
youtube,How can anyone hate Heungmin Son.🥺,"Copyright & Content Statement All content on this channel is created with the purpose of education, commentary, and storytelling.",https://www.youtube.com/watch?v=kpB1JqSg_Oc,792015,9199352.0,788392,3623,other,unknown
youtube,Chat GPT isn&#39;t smart🤡,"In this short meme we see how stupid AI (chat GPT) can be, when asked something. Peter griffin from family guy a dollar meme ...",https://www.youtube.com/watch?v=0xZQ0Sut8JY,746139,22668332.0,742405,3734,meme_humor,unknown
youtube,When the test is EASY 😂 cr: @itslauraliz,,https://www.youtube.com/watch?v=civY_11qtt0,681436,45446391.0,675986,5450,meme_humor,unknown
youtube,THIS IS MF DOOM #subscribe #pleasedontflop #shorts #weirdalyankovic #memes #funny #music #weirdal,,https://www.youtube.com/watch?v=6k-E5Ib4bkI,600437,19436393.0,596654,3783,meme_humor,unknown
youtube,D&amp;D Animated: Prison Rules! 👄 #dnd #ttrpg #dnd5e,From our Uprooted campaign! Animated by @shoocharu!,https://www.youtube.com/watch?v=AnVB9lj_A8E,441586,7122029.0,440531,1055,other,unknown
youtube,D&amp;D Animated: The Perfect Heist! 🤣🏦 #dnd #ttrpg #dnd5e,From our Uprooted campaign! Animated by @shoocharu!,https://www.youtube.com/watch?v=3ECXK_99Eds,386171,7957436.0,384908,1263,meme_humor,unknown
youtube,Cloudy sky ceiling design new ceiling #ceilingdesign #ceiling #ceilinglights #homedesign #trending,,https://www.youtube.com/watch?v=IZ_9KU0KdR4,381031,39488040.0,379883,1148,other,unknown
youtube,D&amp;D Animated: The Power of Blackmail! 🤣 #dnd #ttrpg #dnd5e,"From our new sci-fi campaign, Stardust Rhapsody: Anthem!",https://www.youtube.com/watch?v=M7WtRp0XMlk,367293,7365267.0,366395,898,meme_humor,unknown
reddit,"Grieving family uses AI chatbot to cut hospital bill from $195,000 to $33,000 — family says Claude highlighted duplicative charges, improper coding, and other violations","Grieving family uses AI chatbot to cut hospital bill from $195,000 to $33,000 — family says Claude highlighted duplicative charges, improper coding, and other violations",https://www.reddit.com/r/technology/comments/1ojbymi/grieving_family_uses_ai_chatbot_to_cut_hospital/,38041,,36993,1048,other,unknown
reddit,"Cancel your ChatGPT Plus, burn their compute on the way out, and switch to Claude","OpenAI just made a deal with a devil and lost this customer of 2 years. The company (originally non profit) that told us they existed to build AI safely for humanity is now taking Pentagon contracts. Sam Altman decided defense money was more important than every principle the company was founded on.

If you’re done funding that, here’s what to do.

Cancel Plus right now:

Settings, Subscription, Manage, Cancel. You keep access through the end of your billing cycle so there’s no reason to wait. D",https://www.reddit.com/r/ChatGPT/comments/1rh60py/cancel_your_chatgpt_plus_burn_their_compute_on/,31924,,29928,1996,news_announcement,unknown
reddit,"After 147 failed ChatGPT prompts, I had a breakdown and accidentally discovered something","Last Tuesday at 3 AM, I was on my 147th attempt to get ChatGPT to write a simple email that didn't sound like a robot having an existential crisis.

I snapped.

""Why can't YOU just ASK ME what you need to know?"" I typed in frustration.

Wait.

What if it could?

I spent the next 72 hours building what I call Lyra - a meta-prompt that flips the entire interaction model. Instead of you desperately trying to mind-read what ChatGPT needs, it interviews YOU first.

**The difference is stupid:**

BEFO",https://www.reddit.com/r/ChatGPT/comments/1lnfcnt/after_147_failed_chatgpt_prompts_i_had_a/,25344,,22927,2417,prompt_engineering,unknown
reddit,I've been pretending to understand my job for eight months and I think I've finally reached a level where I actually can't fake it anymore. Do I come clean to my boss or just keep going.,"So for context, I have a master's degree in something completely unrelated to this job, I got hired because I interviewed well and apparently ""fast learner"" on a CV is legally binding. Eight months in and I've been surviving entirely on confident nodding, strategic use of the phrase ""let me circle back on that,"" and a browser history that is just Stack Overflow and ""what is \[word my boss just said\]."" The issue is that up until now the stakes have been low enough that vibes could carry me. That",https://www.reddit.com/r/Advice/comments/1rehadl/ive_been_pretending_to_understand_my_job_for/,22971,,19621,3350,meme_humor,unknown
reddit,Insanely ironic last words.,"1. The Joker (Batman Beyond) - The Clown Prince of Crime pretty much spent all of his time terrorizing the people of Gotham for just a sick laugh, including torturing Tim Drake for weeks. After getting shot however, what are his last words? ""That's not funny... that's not...""
2. Judge Claude Frollo (The Hunchback of Notre Dame) - Before trying to kill both Quasimodo and Esmeralda in the final act of the film, he quotes the gospel by saying ""And He shall smite the wicked and plunge then into the ",https://www.reddit.com/r/TopCharacterTropes/comments/1ndufk5/insanely_ironic_last_words/,18713,,17861,852,meme_humor,unknown
reddit,agentsBeforeAIAgentWasAThing,agentsBeforeAIAgentWasAThing,https://www.reddit.com/r/ProgrammerHumor/comments/1rzw54v/agentsbeforeaiagentwasathing/,18633,,18341,292,other,unknown
reddit,Claude down: Anthropic AI not working in major outage,Claude down: Anthropic AI not working in major outage,https://www.reddit.com/r/technology/comments/1risumw/claude_down_anthropic_ai_not_working_in_major/,18029,,16721,1308,other,unknown
reddit,"US investigation points to likely US responsibility in Iran school strike, sources say","US investigation points to likely US responsibility in Iran school strike, sources say",https://www.reddit.com/r/news/comments/1rm235y/us_investigation_points_to_likely_us/,15918,,15218,700,other,unknown
reddit,"Anthropic issues copyright takedown requests to remove 8,000+ copies of Claude Code source code","Anthropic issues copyright takedown requests to remove 8,000+ copies of Claude Code source code",https://www.reddit.com/r/technology/comments/1s9jljp/anthropic_issues_copyright_takedown_requests_to/,12161,,11422,739,claude_code_agentic,unknown
reddit,"Dario Amodei says ""stop sugar-coating"" what's coming: in the next 1-5 years, AI could wipe out 50% of all entry-level white-collar jobs. Lawmakers don't get it or don't believe it. CEOs are afraid to talk about it. Many workers won't realize the risks until after it hits.","Dario Amodei says ""stop sugar-coating"" what's coming: in the next 1-5 years, AI could wipe out 50% of all entry-level white-collar jobs. Lawmakers don't get it or don't believe it. CEOs are afraid to talk about it. Many workers won't realize the risks until after it hits.",https://www.reddit.com/r/Futurology/comments/1l0374z/dario_amodei_says_stop_sugarcoating_whats_coming/,9292,,8324,968,other,unknown
